{
  "wavelengths": [
    380.0,
    385.0,
    390.0,
    395.0,
    400.0,
    405.0,
    410.0,
    415.0,
    420.0,
    425.0,
    430.0,
    435.0,
    440.0,
    445.0,
    450.0,
    455.0,
    460.0,
    465.0,
    470.0,
    475.0,
    480.0,
    485.0,
    490.0,
    495.0,
    500.0,
    505.0,
    510.0,
    515.0,
    520.0,
    525.0,
    530.0,
    535.0,
    540.0,
    545.0,
    550.0,
    555.0,
    560.0,
    565.0,
    570.0,
    575.0,
    580.0,
    585.0,
    590.0,
    595.0,
    600.0,
    605.0,
    610.0,
    615.0,
    620.0,
    625.0,
    630.0,
    635.0,
    640.0,
    645.0,
    650.0,
    655.0,
    660.0,
    665.0,
    670.0,
    675.0,
    680.0,
    685.0,
    690.0,
    695.0,
    700.0,
    705.0,
    710.0,
    715.0,
    720.0,
    725.0,
    730.0,
    735.0,
    740.0,
    745.0,
    750.0,
    755.0,
    760.0,
    765.0,
    770.0,
    775.0,
    780.0
  ],
  "cmfs": [
    [
      0.001367999999999999,
      3.9000000000000006e-05,
      0.006450001000000005
    ],
    [
      0.0022360000000000036,
      6.400000000000001e-05,
      0.010549989999999976
    ],
    [
      0.004242999999999995,
      0.00012000000000000023,
      0.020050009999999986
    ],
    [
      0.007650000000000009,
      0.0002170000000000001,
      0.03621000000000002
    ],
    [
      0.014310000000000015,
      0.00039599999999999965,
      0.06785000999999999
    ],
    [
      0.02318999999999999,
      0.0006400000000000006,
      0.11019999999999998
    ],
    [
      0.04351000000000006,
      0.0012099999999999986,
      0.20739999999999972
    ],
    [
      0.07763000000000013,
      0.0021800000000000014,
      0.3713000000000002
    ],
    [
      0.13437999999999997,
      0.003999999999999998,
      0.6455999999999998
    ],
    [
      0.21476999999999988,
      0.007299999999999996,
      1.0390501000000005
    ],
    [
      0.2838999999999997,
      0.0116,
      1.3856
    ],
    [
      0.32849999999999996,
      0.01684,
      1.6229600000000006
    ],
    [
      0.34828000000000064,
      0.022999999999999958,
      1.747059999999998
    ],
    [
      0.3480599999999996,
      0.029799999999999997,
      1.782599999999997
    ],
    [
      0.3362,
      0.038,
      1.7721099999999987
    ],
    [
      0.3187000000000001,
      0.048,
      1.7440999999999993
    ],
    [
      0.2908000000000001,
      0.05999999999999997,
      1.669200000000001
    ],
    [
      0.2510999999999998,
      0.07390000000000006,
      1.5280999999999991
    ],
    [
      0.19536000000000003,
      0.09098000000000009,
      1.287640000000001
    ],
    [
      0.14209999999999998,
      0.11259999999999995,
      1.0418999999999996
    ],
    [
      0.09564000000000014,
      0.13901999999999984,
      0.8129500999999999
    ],
    [
      0.05795001000000004,
      0.16930000000000012,
      0.6162000000000009
    ],
    [
      0.03201000000000002,
      0.20802000000000018,
      0.4651799999999993
    ],
    [
      0.014700000000000029,
      0.2585999999999998,
      0.35329999999999967
    ],
    [
      0.0049000000000000085,
      0.3230000000000004,
      0.27199999999999985
    ],
    [
      0.0023999999999999985,
      0.40729999999999955,
      0.21230000000000016
    ],
    [
      0.009299999999999987,
      0.503,
      0.15820000000000015
    ],
    [
      0.029099999999999994,
      0.6082,
      0.11169999999999997
    ],
    [
      0.06326999999999997,
      0.7099999999999982,
      0.07824999000000012
    ],
    [
      0.1096,
      0.7931999999999992,
      0.05725001000000006
    ],
    [
      0.16550000000000006,
      0.8620000000000013,
      0.04216000000000003
    ],
    [
      0.2257498999999999,
      0.9148501000000003,
      0.029839999999999988
    ],
    [
      0.2904000000000001,
      0.954000000000001,
      0.020299999999999953
    ],
    [
      0.35969999999999924,
      0.9802999999999993,
      0.013400000000000004
    ],
    [
      0.43344990000000044,
      0.9949501,
      0.008749998999999993
    ],
    [
      0.5120500999999994,
      1.0,
      0.005749999000000004
    ],
    [
      0.5945000000000001,
      0.9950000000000009,
      0.0038999999999999972
    ],
    [
      0.6784000000000019,
      0.9785999999999984,
      0.002749999000000001
    ],
    [
      0.7620999999999987,
      0.951999999999999,
      0.002099999999999999
    ],
    [
      0.8425000000000007,
      0.9154000000000012,
      0.0018
    ],
    [
      0.9163000000000006,
      0.8700000000000009,
      0.001650001000000001
    ],
    [
      0.9785999999999998,
      0.8163000000000001,
      0.0014000000000000009
    ],
    [
      1.0263000000000002,
      0.7570000000000005,
      0.0010999999999999998
    ],
    [
      1.0567000000000006,
      0.6948999999999997,
      0.0009999999999999998
    ],
    [
      1.0622000000000011,
      0.6310000000000001,
      0.0007999999999999996
    ],
    [
      1.0455999999999988,
      0.5668000000000005,
      0.0006000000000000004
    ],
    [
      1.002600000000001,
      0.5030000000000002,
      0.0003399999999999997
    ],
    [
      0.9383999999999998,
      0.44120000000000004,
      0.00024000000000000033
    ],
    [
      0.8544499000000009,
      0.3809999999999996,
      0.00019
    ],
    [
      0.7514000000000002,
      0.32099999999999973,
      0.00010000000000000014
    ],
    [
      0.6424000000000001,
      0.2650000000000001,
      4.999999000000001e-05
    ],
    [
      0.5418999999999998,
      0.21700000000000036,
      2.9999999999999994e-05
    ],
    [
      0.44790000000000013,
      0.17500000000000002,
      2.0000000000000032e-05
    ],
    [
      0.36079999999999957,
      0.1382000000000001,
      1.000000000000001e-05
    ],
    [
      0.2834999999999997,
      0.10700000000000008,
      -1.4823076576950256e-21
    ],
    [
      0.21869999999999998,
      0.08160000000000009,
      0.0
    ],
    [
      0.16490000000000027,
      0.06099999999999994,
      0.0
    ],
    [
      0.12120000000000006,
      0.04457999999999998,
      0.0
    ],
    [
      0.08740000000000003,
      0.031999999999999945,
      0.0
    ],
    [
      0.06359999999999995,
      0.023199999999999988,
      0.0
    ],
    [
      0.046770000000000096,
      0.017000000000000008,
      0.0
    ],
    [
      0.032900000000000006,
      0.011919999999999986,
      0.0
    ],
    [
      0.02270000000000002,
      0.008209999999999992,
      0.0
    ],
    [
      0.015839999999999986,
      0.00572300000000001,
      0.0
    ],
    [
      0.011359160000000002,
      0.004101999999999998,
      0.0
    ],
    [
      0.008110916000000008,
      0.0029290000000000045,
      0.0
    ],
    [
      0.005790346000000004,
      0.0020909999999999982,
      0.0
    ],
    [
      0.004109457000000003,
      0.0014839999999999999,
      0.0
    ],
    [
      0.0028993270000000045,
      0.001046999999999999,
      0.0
    ],
    [
      0.0020491899999999976,
      0.0007399999999999985,
      0.0
    ],
    [
      0.0014399709999999989,
      0.0005200000000000007,
      0.0
    ],
    [
      0.0009999492999999992,
      0.00036109999999999983,
      0.0
    ],
    [
      0.000690078599999999,
      0.0002492000000000002,
      0.0
    ],
    [
      0.0004760212999999998,
      0.00017189999999999952,
      0.0
    ],
    [
      0.0003323010999999998,
      0.00011999999999999991,
      0.0
    ],
    [
      0.00023482609999999986,
      8.480000000000008e-05,
      0.0
    ],
    [
      0.00016615050000000006,
      6.000000000000006e-05,
      0.0
    ],
    [
      0.00011741300000000006,
      4.2399999999999974e-05,
      0.0
    ],
    [
      8.307527000000014e-05,
      2.9999999999999994e-05,
      0.0
    ],
    [
      5.870651999999992e-05,
      2.1200000000000004e-05,
      0.0
    ],
    [
      4.1509940000000024e-05,
      1.499e-05,
      0.0
    ]
  ],